INSERT INTO RegisteredUser VALUES ('bce14@duke.edu', 'Brooke Erickson','brooke');
INSERT INTO RegisteredUser VALUES ('m.kylemurphy@gmail.com', 'Kyle Murphy', 'kyle');
INSERT INTO RegisteredUser VALUES ('esheeran@gmail.com','Ed Sheeran', 'ed');
INSERT INTO RegisteredUser VALUES ('tswift@gmail.com','Taylor Swift', 'tswift');
INSERT INTO RegisteredUser VALUES ('darthvader@gmail.com', 'Darth Vader','darth');
INSERT INTO RegisteredUser VALUES ('susanroger@duke.edu','Susan Roger','susan');

INSERT INTO Sleep VALUES ('bce14@duke.edu','2019-10-06',8,4);
INSERT INTO Sleep VALUES ('m.kylemurphy@gmail.com','2019-10-06',5,2);
INSERT INTO Sleep VALUES ('esheeran@gmail.com','2019-10-06',7,3);
INSERT INTO Sleep VALUES ('tswift@gmail.com','2019-10-06',8.5,5);
INSERT INTO Sleep VALUES ('darthvader@gmail.com','2019-10-06',5.5,1);
INSERT INTO Sleep VALUES ('susanroger@duke.edu','2019-10-06',9,5);
INSERT INTO Sleep VALUES ('bce14@duke.edu','2019-10-07',7,5);
INSERT INTO Sleep VALUES ('m.kylemurphy@gmail.com','2019-10-07',7,4);
INSERT INTO Sleep VALUES ('esheeran@gmail.com','2019-10-07',8,4);
INSERT INTO Sleep VALUES ('tswift@gmail.com','2019-10-07',5,2);
INSERT INTO Sleep VALUES ('darthvader@gmail.com','2019-10-07',6,2);
INSERT INTO Sleep VALUES ('susanroger@duke.edu','2019-10-07',8,5);

INSERT INTO Exercise VALUES ('bce14@duke.edu','2019-10-06',1,4,4);
INSERT INTO Exercise VALUES ('m.kylemurphy@gmail.com','2019-10-06',0,null,null);
INSERT INTO Exercise VALUES ('esheeran@gmail.com','2019-10-06',0,null,null);
INSERT INTO Exercise VALUES ('tswift@gmail.com','2019-10-06',1.5,2,1);
INSERT INTO Exercise VALUES ('darthvader@gmail.com','2019-10-06',2,5,5);
INSERT INTO Exercise VALUES ('susanroger@duke.edu','2019-10-06',2,5,5);
INSERT INTO Exercise VALUES ('bce14@duke.edu','2019-10-07',0,4,3);
INSERT INTO Exercise VALUES ('m.kylemurphy@gmail.com','2019-10-07',1,3,3);
INSERT INTO Exercise VALUES ('esheeran@gmail.com','2019-10-07',0.5,4,2);
INSERT INTO Exercise VALUES ('tswift@gmail.com','2019-10-07',0.75,3,2);
INSERT INTO Exercise VALUES ('darthvader@gmail.com','2019-10-07',2.25,4,5);
INSERT INTO Exercise VALUES ('susanroger@duke.edu','2019-10-07',1.75,5,5);

INSERT INTO Work VALUES ('bce14@duke.edu','2019-10-06',2,4,3);
INSERT INTO Work VALUES ('m.kylemurphy@gmail.com','2019-10-06',0,2,4);
INSERT INTO Work VALUES ('esheeran@gmail.com','2019-10-06',2,2,1);
INSERT INTO Work VALUES ('tswift@gmail.com','2019-10-06',0,4,3);
INSERT INTO Work VALUES ('darthvader@gmail.com','2019-10-06',6.5,1,4);
INSERT INTO Work VALUES ('susanroger@duke.edu','2019-10-06',0,4,2);
INSERT INTO Work VALUES ('bce14@duke.edu','2019-10-07',2.5,3,4);
INSERT INTO Work VALUES ('m.kylemurphy@gmail.com','2019-10-07',3,1,3);
INSERT INTO Work VALUES ('esheeran@gmail.com','2019-10-07',1.5,4,5);
INSERT INTO Work VALUES ('tswift@gmail.com','2019-10-07',4,3,2);
INSERT INTO Work VALUES ('darthvader@gmail.com','2019-10-07',4.5,1,5);
INSERT INTO Work VALUES ('susanroger@duke.edu','2019-10-07',3,2,3);

INSERT INTO Meals VALUES ('bce14@duke.edu','2019-10-06',2.5,4);
INSERT INTO Meals VALUES ('m.kylemurphy@gmail.com','2019-10-06',3.5,5);
INSERT INTO Meals VALUES ('esheeran@gmail.com','2019-10-06',3,4);
INSERT INTO Meals VALUES ('tswift@gmail.com','2019-10-06',3,5);
INSERT INTO Meals VALUES ('darthvader@gmail.com','2019-10-06',1.75,1);
INSERT INTO Meals VALUES ('susanroger@duke.edu','2019-10-06',3,4);
INSERT INTO Meals VALUES ('bce14@duke.edu','2019-10-07',2,3);
INSERT INTO Meals VALUES ('m.kylemurphy@gmail.com','2019-10-07',1.25,3);
INSERT INTO Meals VALUES ('esheeran@gmail.com','2019-10-07',1,1);
INSERT INTO Meals VALUES ('tswift@gmail.com','2019-10-07',2,4);
INSERT INTO Meals VALUES ('darthvader@gmail.com','2019-10-07',1.5,3);
INSERT INTO Meals VALUES ('susanroger@duke.edu','2019-10-07',2,5);

INSERT INTO Social VALUES ('bce14@duke.edu','2019-10-06',5,5);
INSERT INTO Social VALUES ('m.kylemurphy@gmail.com','2019-10-06',9,5);
INSERT INTO Social VALUES ('esheeran@gmail.com','2019-10-06',5,4);
INSERT INTO Social VALUES ('tswift@gmail.com','2019-10-06',5,4);
INSERT INTO Social VALUES ('darthvader@gmail.com','2019-10-06',0,null);
INSERT INTO Social VALUES ('susanroger@duke.edu','2019-10-06',3,3);
INSERT INTO Social VALUES ('bce14@duke.edu','2019-10-07',4,4);
INSERT INTO Social VALUES ('m.kylemurphy@gmail.com','2019-10-07',3,4);
INSERT INTO Social VALUES ('esheeran@gmail.com','2019-10-07',4.5,3);
INSERT INTO Social VALUES ('tswift@gmail.com','2019-10-07',6,5);
INSERT INTO Social VALUES ('darthvader@gmail.com','2019-10-07',2,1);
INSERT INTO Social VALUES ('susanroger@duke.edu','2019-10-07',3.5,4);

INSERT INTO Downtime VALUES ('bce14@duke.edu','2019-10-06',5,5);
INSERT INTO Downtime VALUES ('m.kylemurphy@gmail.com','2019-10-06',2.5,3);
INSERT INTO Downtime VALUES ('esheeran@gmail.com','2019-10-06',2,3);
INSERT INTO Downtime VALUES ('tswift@gmail.com','2019-10-06',5,3);
INSERT INTO Downtime VALUES ('darthvader@gmail.com','2019-10-06',3,5);
INSERT INTO Downtime VALUES ('susanroger@duke.edu','2019-10-06',3,3);
INSERT INTO Downtime VALUES ('bce14@duke.edu','2019-10-07',4.5,4);
INSERT INTO Downtime VALUES ('m.kylemurphy@gmail.com','2019-10-07',5,4);
INSERT INTO Downtime VALUES ('esheeran@gmail.com','2019-10-07',4.5,4);
INSERT INTO Downtime VALUES ('tswift@gmail.com','2019-10-07',2,4);
INSERT INTO Downtime VALUES ('darthvader@gmail.com','2019-10-07',2,3);
INSERT INTO Downtime VALUES ('susanroger@duke.edu','2019-10-07',3.5,4);

INSERT INTO Environment VALUES ('bce14@duke.edu','2019-10-06','Durham, North Carolina',80, 'outdoor', 'partly cloudy');
INSERT INTO Environment VALUES ('m.kylemurphy@gmail.com','2019-10-06','Las Vegas, Nevada',88,'outdoor','sunny');
INSERT INTO Environment VALUES ('esheeran@gmail.com','2019-10-06','Los Angeles, California',82,'indoor','sunny');
INSERT INTO Environment VALUES ('tswift@gmail.com','2019-10-06','New York, New York', 65,'indoor','rainy');
INSERT INTO Environment VALUES ('darthvader@gmail.com','2019-10-06','Seattle, Washington',71, 'outdoor', 'overcast');
INSERT INTO Environment VALUES ('susanroger@duke.edu','2019-10-06','Cabo, Mexico',87,'outdoor','sunny');
INSERT INTO Environment VALUES ('bce14@duke.edu','2019-10-07', 'Durham, North Carolina',81,'indoor','overcast');
INSERT INTO Environment VALUES ('m.kylemurphy@gmail.com','2019-10-07','Los Altos Hills, California',83,'outdoor', 'sunny');
INSERT INTO Environment VALUES ('esheeran@gmail.com','2019-10-07', 'Los Angeles, California',81,'outdoor','smog');
INSERT INTO Environment VALUES ('tswift@gmail.com','2019-10-07','Philadelphia, Pennsyvlania',65,'indoor','cloudy');
INSERT INTO Environment VALUES ('darthvader@gmail.com','2019-10-07','Seattle, Washington',68,'indoor','foggy');
INSERT INTO Environment VALUES ('susanroger@duke.edu','2019-10-07','Cabo, Mexico',84,'outdoor','sunny');

INSERT INTO Mood VALUES ('bce14@duke.edu','2019-10-06',2,3,4);
INSERT INTO Mood VALUES ('m.kylemurphy@gmail.com','2019-10-06',1,5,5);
INSERT INTO Mood VALUES ('esheeran@gmail.com','2019-10-06',4,1,1);
INSERT INTO Mood VALUES ('tswift@gmail.com','2019-10-06',3,4,4);
INSERT INTO Mood VALUES ('darthvader@gmail.com','2019-10-06',5,4,1);
INSERT INTO Mood VALUES ('susanroger@duke.edu','2019-10-06',1,5,5);
INSERT INTO Mood VALUES ('bce14@duke.edu','2019-10-07',3,5,4);
INSERT INTO Mood VALUES ('m.kylemurphy@gmail.com','2019-10-07',2,3,4);
INSERT INTO Mood VALUES ('esheeran@gmail.com','2019-10-07',2,4,5);
INSERT INTO Mood VALUES ('tswift@gmail.com','2019-10-07',3,4,3);
INSERT INTO Mood VALUES ('darthvader@gmail.com','2019-10-07',2,3,2);
INSERT INTO Mood VALUES ('susanroger@duke.edu','2019-10-07',2,3,4);




